graph_id,is_anomalous,success,completion_rate,total_duration,anomaly_severity,num_nodes,num_edges,density,diameter,betweenness_centrality_mean,betweenness_centrality_std,betweenness_centrality_max,closeness_centrality_mean,closeness_centrality_std,closeness_centrality_max,clustering_coefficient,is_dag,topological_sort_validation,longest_path_in_dag,dag_depth,branching_factor,average_node_duration,duration_variance,duration_min,duration_max,duration_median,inter_node_delays_mean,inter_node_delays_std,agent_type_Coordinator_count,agent_type_Coordinator_ratio,agent_type_Planner_count,agent_type_Planner_ratio,agent_type_Executor_count,agent_type_Executor_ratio,handoff_count,handoff_frequency,total_tool_calls,tool_type_analyze_data_count,tool_type_analyze_data_ratio,tool_type_prepare_document_count,tool_type_prepare_document_ratio,error_count,error_frequency,node_type_user_enquiry_count,node_type_user_enquiry_ratio,node_type_planning_count,node_type_planning_ratio,node_type_tool_call_count,node_type_tool_call_ratio,node_type_llm_call_count,node_type_llm_call_ratio,node_type_reasoning_count,node_type_reasoning_ratio,node_type_action_count,node_type_action_ratio,edge_type_execution_flow_count,edge_type_execution_flow_ratio,adjacency_density,adjacency_sparsity,adjacency_std,adjacency_max,adjacency_min,self_loops,bidirectional_edges,row_means,row_stds,col_means,col_stds,edge_latency_mean,edge_latency_std,edge_latency_min,edge_latency_max,edge_latency_median,edge_latency_q25,edge_latency_q75,edge_probability_mean,edge_probability_std,edge_probability_min,edge_probability_max,edge_probability_median,edge_probability_q25,edge_probability_q75,edge_confidence_mean,edge_confidence_std,edge_confidence_min,edge_confidence_max,edge_confidence_median,edge_confidence_q25,edge_confidence_q75,edge_success_rate_mean,edge_success_rate_std,edge_success_rate_min,edge_success_rate_max,edge_success_rate_median,edge_success_rate_q25,edge_success_rate_q75,edge_error_count_mean,edge_error_count_std,edge_error_count_min,edge_error_count_max,edge_error_count_median,edge_error_count_q25,edge_error_count_q75,edge_timeout_count_mean,edge_timeout_count_std,edge_timeout_count_min,edge_timeout_count_max,edge_timeout_count_median,edge_timeout_count_q25,edge_timeout_count_q75,edge_weight_mean,edge_weight_std,edge_weight_min,edge_weight_max,edge_weight_median,edge_weight_q25,edge_weight_q75,edge_is_anomalous_mean,edge_is_anomalous_std,edge_is_anomalous_min,edge_is_anomalous_max,edge_is_anomalous_median,edge_is_anomalous_q25,edge_is_anomalous_q75,edge_reliability_score_mean,edge_reliability_score_std,edge_reliability_score_min,edge_reliability_score_max,edge_reliability_score_median,edge_reliability_score_q25,edge_reliability_score_q75,edge_data_size_mean,edge_data_size_std,edge_data_size_min,edge_data_size_max,edge_data_size_median,edge_data_size_q25,edge_data_size_q75,latency_mean,latency_std,latency_max,latency_min,latency_median,latency_p95,latency_p99,edge_type_diversity,reliability_mean,reliability_std,reliability_min,total_errors,error_rate,error_std,in_degree_mean,in_degree_std,in_degree_max,in_degree_min,in_degree_median,out_degree_mean,out_degree_std,out_degree_max,out_degree_min,out_degree_median,total_degree_mean,total_degree_std,total_degree_max,total_degree_min,degree_skewness,degree_kurtosis,degree_correlation,leaf_nodes,root_nodes,isolated_nodes,weakly_connected_components,strongly_connected_components,largest_weakly_connected_size,largest_strongly_connected_size,weakly_connected_ratio,strongly_connected_ratio,node_connectivity,edge_connectivity,betweenness_mean,betweenness_std,betweenness_max,betweenness_skewness,closeness_mean,closeness_std,closeness_max,closeness_skewness,eigenvector_mean,eigenvector_std,eigenvector_max,eigenvector_skewness,shortest_path_mean,shortest_path_std,shortest_path_max,shortest_path_min,shortest_path_median,longest_path_length,clustering_mean,clustering_std,clustering_max,transitivity,degree_assortativity,radius,average_shortest_path_length,agent_type_Validator_count,agent_type_Validator_ratio,tool_type_external_api_count,tool_type_external_api_ratio,node_type_handoff_count,node_type_handoff_ratio,node_type_validation_count,node_type_validation_ratio,edge_type_handoff_count,edge_type_handoff_ratio,tool_type_memory_store_retrieve_count,tool_type_memory_store_retrieve_ratio,tool_type_web_search_count,tool_type_web_search_ratio,tool_type_write_code_count,tool_type_write_code_ratio,tool_type_read_document_count,tool_type_read_document_ratio,tool_type_deep_research_count,tool_type_deep_research_ratio,anomaly_types
graph_17,False,True,1.0,34.038412,0.0,6,7,0.23333333333333334,4.0,0.10833333333333334,0.11696390706348501,0.30000000000000004,0.2852777777777778,0.18521863123893528,0.625,0.4444444444444444,True,True,5.0,6,1.1666666666666667,5.996992539029321,5.0373828232015505,2.8091908165758146,9.574634728677747,5.6003474092007,2.2786359253674076,1.2606787672246527,1,0.16666666666666666,1,0.16666666666666666,1,0.16666666666666666,0,0.0,0,1.0,0.41666666666666663,1.0,0.41666666666666663,1,0.16666666666666666,1,0.16666666666666666,1,0.16666666666666666,2.0,0.2361111111111111,1.5,0.2111111111111111,1.0,0.17424242424242425,1,0.16666666666666666,7,1.0,0.19444444444444445,0.8055555555555556,0.39577241246597245,1.0,0.0,0.0,0,0.19444444444444445,0.34347383838865975,0.19444444444444442,0.33178533083331,2.2786359253674076,1.2606787672246527,0.5831803346708523,4.908460438548226,1.9652425474273207,1.6210118981954746,2.625772180267254,0.9096950371097817,0.03897817026166581,0.8376326587865511,0.9611552319869774,0.9114573516398546,0.8889843453833665,0.939825663294178,0.9169034329956053,0.04181893371030737,0.8674320576376802,0.9689163525960677,0.9283798658485798,0.8720804497066337,0.9547174277368212,1.0,0.0,1.0,1.0,1.0,1.0,1.0,0.0,0.0,0.0,0.0,0.0,0.0,0.0,0.0,0.0,0.0,0.0,0.0,0.0,0.0,1.0,0.0,1.0,1.0,1.0,1.0,1.0,0.0,0.0,0.0,0.0,0.0,0.0,0.0,0.9169034329956053,0.04181893371030737,0.8674320576376802,0.9689163525960677,0.9283798658485798,0.8720804497066337,0.9547174277368212,0.0,0.0,0.0,0.0,0.0,0.0,0.0,2.2786359253674076,1.2606787672246527,4.908460438548226,0.5831803346708523,1.9652425474273207,4.2503879942856635,4.776845949695713,1,0.9169034329956053,0.04181893371030737,0.8674320576376802,0,0.0,0.0,1.1666666666666667,0.8975274678557508,3,0,1.0,1.1666666666666667,0.6871842709362768,2,0,1.0,2.3333333333333335,0.7453559924999298,3,1,-0.6260990336999418,-0.9599999999999986,-0.5854905538443583,1,1,0,1,6,6,1,1.0,0.16666666666666666,1,0,0.10833333333333334,0.11696390706348501,0.30000000000000004,0.42386569840522925,0.2852777777777778,0.18521863123893528,0.625,0.40418284614150274,0.16757392723108847,0.3722709303437707,0.9999852325967663,1.7887405125145843,1.8666666666666667,0.9568466729604881,4.0,1.0,2.0,5.0,0.4444444444444444,0.36851386559504445,1.0,0.5454545454545454,0.16666666666666693,2.0,1.8666666666666667,3.0,0.5,1.0,0.5,1.0,0.09090909090909091,3.0,0.5,1.0,0.1,1.0,0.5,1.0,0.5,1.0,0.3333333333333333,1.0,0.5,1.0,0.3333333333333333,[]
graph_27,False,True,1.0,47.409855,0.0,10,11,0.12222222222222222,6.0,0.13055555555555554,0.09048054152723517,0.25,0.18450245985333702,0.11182273448650591,0.47368421052631576,0.0,True,True,9.0,10,1.1,4.599983287372719,4.551450441940155,1.4063127348283586,8.554663713007862,4.805670760986228,3.018465625414319,1.348061987386303,1,0.1,1,0.1,5,0.5,0,0.0,3,1.0,0.41666666666666663,1.0,0.3333333333333333,0,0.0,1,0.1,1,0.1,3.0,0.3,1.5,0.2111111111111111,1.0,0.1,1,0.1,11,1.0,0.11,0.89,0.31288975694324034,1.0,0.0,0.0,0,0.11000000000000001,0.29000000000000004,0.11000000000000001,0.2858257569495584,3.018465625414319,1.348061987386303,0.13600310613525793,4.997203961354059,2.9639870636264187,2.555821977004128,3.833289310199909,0.8810740288401013,0.0392836565895795,0.8131233935223864,0.9675307540513455,0.8883433196118332,0.8548825728921633,0.9005288157323246,0.9103637147751006,0.03193106136938337,0.8574915770622621,0.9687462647044363,0.9079934462389788,0.8863441243544723,0.9330857103677341,1.0,0.0,1.0,1.0,1.0,1.0,1.0,0.0,0.0,0.0,0.0,0.0,0.0,0.0,0.0,0.0,0.0,0.0,0.0,0.0,0.0,1.0,0.0,1.0,1.0,1.0,1.0,1.0,0.0,0.0,0.0,0.0,0.0,0.0,0.0,0.9103637147751006,0.03193106136938337,0.8574915770622621,0.9687462647044363,0.9079934462389788,0.8863441243544723,0.9330857103677341,0.0,0.0,0.0,0.0,0.0,0.0,0.0,3.018465625414319,1.348061987386303,4.997203961354059,0.13600310613525793,2.9639870636264187,4.916491344115261,4.9810614379063,1,0.9103637147751006,0.03193106136938337,0.8574915770622621,0,0.0,0.0,1.1,0.7000000000000001,3,0,1.0,1.1,0.5385164807134504,2,0,1.0,2.2,0.6,3,1,-0.11111111111111194,-0.4444444444444442,-0.5570860145311557,1,1,0,1,10,10,1,1.0,0.1,1,0,0.13055555555555554,0.09048054152723517,0.25,-0.26979207540054595,0.18450245985333702,0.11182273448650591,0.47368421052631576,1.2484401785624657,0.10093894521241338,0.2996853839268866,0.9999562386469992,2.6662365708386844,2.6666666666666665,1.4298407059684812,6.0,1.0,2.0,9.0,0.0,0.0,0.0,0.0,0.38575837490523085,3.0,2.6666666666666665,3.0,0.3,1.0,0.5,1.0,0.09090909090909091,3.0,0.3,1.0,0.1,1.0,0.5,1.0,0.5,1.0,0.3333333333333333,1.0,0.5,1.0,0.3333333333333333,[]
graph_5,False,True,1.0,27.077979,0.0,6,5,0.16666666666666666,5.0,0.16666666666666666,0.12472191289246473,0.30000000000000004,0.23666666666666666,0.11442286743738157,0.3333333333333333,0.0,True,True,5.0,6,0.8333333333333334,4.536132833503291,7.782651150704601,1.144990341547279,9.633354041710815,3.814478410430074,2.4829780102585444,0.7517157754114611,1,0.16666666666666666,1,0.16666666666666666,4,0.6666666666666666,0,0.0,2,1.0,0.41666666666666663,1.0,0.41666666666666663,0,0.0,1,0.16666666666666666,1,0.16666666666666666,2.0,0.3333333333333333,1.5,0.2111111111111111,1.0,0.16666666666666666,1,0.16666666666666666,5,1.0,0.1388888888888889,0.8611111111111112,0.345830544388576,1.0,0.0,0.0,0,0.13888888888888887,0.3105649968749708,0.13888888888888887,0.3105649968749708,2.4829780102585444,0.7517157754114611,1.2775872870086564,3.5880277917163417,2.432856242842407,2.296055292974197,2.8203634367511183,0.8924306962934837,0.025799089316932387,0.8490990338187382,0.9300914828033483,0.8929747543269015,0.8919478695203493,0.8980403409980817,0.9270323679192083,0.03632728843464468,0.8698888493822018,0.97150084421982,0.9300686060269616,0.9063580421723603,0.9573454977946982,1.0,0.0,1.0,1.0,1.0,1.0,1.0,0.0,0.0,0.0,0.0,0.0,0.0,0.0,0.0,0.0,0.0,0.0,0.0,0.0,0.0,1.0,0.0,1.0,1.0,1.0,1.0,1.0,0.0,0.0,0.0,0.0,0.0,0.0,0.0,0.9270323679192083,0.03632728843464468,0.8698888493822018,0.97150084421982,0.9300686060269616,0.9063580421723603,0.9573454977946982,0.0,0.0,0.0,0.0,0.0,0.0,0.0,2.4829780102585444,0.7517157754114611,3.5880277917163417,1.2775872870086564,2.432856242842407,3.4344949207232967,3.5573212175177327,1,0.9270323679192083,0.03632728843464468,0.8698888493822018,0,0.0,0.0,0.8333333333333334,0.372677996249965,1,0,1.0,0.8333333333333334,0.37267799624996495,1,0,1.0,1.6666666666666667,0.4714045207910317,2,1,-0.707106781186548,-1.4999999999999993,-0.2,1,1,0,1,6,6,1,1.0,0.16666666666666666,1,0,0.16666666666666666,0.12472191289246473,0.30000000000000004,-0.38180177416060557,0.23666666666666666,0.11442286743738157,0.3333333333333333,-1.2841025256574292,0.16757392713768204,0.37227093038581655,0.9999852318973622,1.7887405057676036,2.3333333333333335,1.2472191289246473,5.0,1.0,2.0,5.0,0.0,0.0,0.0,0.0,0.35634832254989873,3.0,2.3333333333333335,3.0,0.3,1.0,0.5,1.0,0.09090909090909091,3.0,0.3,1.0,0.1,1.0,0.5,1.0,0.5,1.0,0.3333333333333333,1.0,0.5,1.0,0.3333333333333333,[]
graph_11,False,True,1.0,88.317978,0.0,12,11,0.08333333333333333,11.0,0.16666666666666666,0.09587449708822045,0.2727272727272727,0.13479983820892913,0.045831275054434774,0.16666666666666666,0.0,True,True,11.0,12,0.9166666666666666,6.516621773555028,18.04804427116669,0.6953853874602131,13.236096220205935,5.287564882783194,2.3722761085273687,1.4349680310364816,3,0.25,5,0.4166666666666667,4,0.3333333333333333,1,0.08333333333333333,1,1.0,1.0,1.0,0.41666666666666663,0,0.0,1,0.08333333333333333,1,0.08333333333333333,1.0,0.08333333333333333,4.0,0.3333333333333333,3.0,0.25,1,0.08333333333333333,10,0.9090909090909091,0.0763888888888889,0.9236111111111112,0.2656193263736844,1.0,0.0,0.0,0,0.0763888888888889,0.25335328259659307,0.0763888888888889,0.25335328259659307,2.3722761085273687,1.4349680310364816,0.28768563647351425,4.595241240902482,2.3986396230619196,1.2385987465653008,3.71018629685765,0.883692735124832,0.05129037612426381,0.8075214491142184,0.9674754356495109,0.8725195337964089,0.8523315471123634,0.9183119755286516,0.9050828593549091,0.043662813687431905,0.8492714831380376,0.9777101255421417,0.8870406312332365,0.8734720778529601,0.9396862442475036,1.0,0.0,1.0,1.0,1.0,1.0,1.0,0.0,0.0,0.0,0.0,0.0,0.0,0.0,0.0,0.0,0.0,0.0,0.0,0.0,0.0,1.0,0.0,1.0,1.0,1.0,1.0,1.0,0.0,0.0,0.0,0.0,0.0,0.0,0.0,0.9050828593549091,0.043662813687431905,0.8492714831380376,0.9777101255421417,0.8870406312332365,0.8734720778529601,0.9396862442475036,2.0,6.324555320336759,0.0,22.0,0.0,0.0,0.0,2.3722761085273687,1.4349680310364816,4.595241240902482,0.28768563647351425,2.3986396230619196,4.383841310985073,4.552961254919,2,0.9050828593549091,0.043662813687431905,0.8492714831380376,0,0.0,0.0,0.9166666666666666,0.2763853991962833,1,0,1.0,0.9166666666666666,0.2763853991962833,1,0,1.0,1.8333333333333333,0.3726779962499649,2,1,-1.7888543819998315,1.1999999999999993,-0.09090909090909097,1,1,0,1,12,12,1,1.0,0.08333333333333333,1,0,0.16666666666666666,0.09587449708822045,0.2727272727272727,-0.5779561519917845,0.13479983820892913,0.045831275054434774,0.16666666666666666,-2.0801153423793437,0.08427881668027214,0.2760985591999828,0.9999362290129872,3.014431242093474,4.333333333333333,2.6874192494328497,11.0,1.0,4.0,11.0,0.0,0.0,0.0,0.0,0.35634832254989873,6.0,4.333333333333333,3.0,0.3,1.0,0.5,1.0,0.08333333333333333,3.0,0.3,1.0,0.09090909090909091,1.0,0.5,1.0,0.5,1.0,0.3333333333333333,1.0,0.5,1.0,0.3333333333333333,[]
graph_1,False,True,1.0,94.540091,0.0,12,11,0.08333333333333333,11.0,0.16666666666666666,0.09587449708822045,0.2727272727272727,0.13479983820892913,0.045831275054434774,0.16666666666666666,0.0,True,True,11.0,12,0.9166666666666666,6.226653832003369,32.33113768388707,0.614520108229334,17.22434574924494,4.229604741583577,2.4855789093736327,1.4983132189043837,4,0.3333333333333333,2,0.16666666666666666,3,0.25,2,0.16666666666666666,1,1.0,0.41666666666666663,1.0,0.41666666666666663,1,0.08333333333333333,1,0.08333333333333333,1,0.08333333333333333,1.0,0.08333333333333333,1.5,0.2111111111111111,3.0,0.25,1,0.08333333333333333,9,0.8181818181818182,0.0763888888888889,0.9236111111111112,0.2656193263736844,1.0,0.0,0.0,0,0.0763888888888889,0.25335328259659307,0.0763888888888889,0.25335328259659307,2.4855789093736327,1.4983132189043837,0.6075738593992364,4.66560459323678,1.7801134101869676,1.2639841619204735,4.070331939938748,0.913845710144751,0.039893159786911374,0.8137042665407586,0.9705439784096571,0.9230114732596577,0.9013664250734867,0.9390084900391928,0.8961197509745283,0.03960623154847991,0.8330326076677339,0.9540770264120209,0.9069530109088855,0.8589162698198691,0.9300150511916643,1.0,0.0,1.0,1.0,1.0,1.0,1.0,0.0,0.0,0.0,0.0,0.0,0.0,0.0,0.0,0.0,0.0,0.0,0.0,0.0,0.0,1.0,0.0,1.0,1.0,1.0,1.0,1.0,0.0,0.0,0.0,0.0,0.0,0.0,0.0,0.8961197509745283,0.03960623154847991,0.8330326076677339,0.9540770264120209,0.9069530109088855,0.8589162698198691,0.9300150511916643,4.0,8.48528137423857,0.0,22.0,0.0,0.0,0.0,2.4855789093736327,1.4983132189043837,4.66560459323678,0.6075738593992364,1.7801134101869676,4.562598428782377,4.645003360345899,2,0.8961197509745283,0.03960623154847991,0.8330326076677339,0,0.0,0.0,0.9166666666666666,0.2763853991962833,1,0,1.0,0.9166666666666666,0.2763853991962833,1,0,1.0,1.8333333333333333,0.3726779962499649,2,1,-1.7888543819998315,1.1999999999999993,-0.09090909090909097,1,1,0,1,12,12,1,1.0,0.08333333333333333,1,0,0.16666666666666666,0.09587449708822045,0.2727272727272727,-0.5779561519917845,0.13479983820892913,0.045831275054434774,0.16666666666666666,-2.0801153423793437,0.08427881668027214,0.2760985591999828,0.9999362290129872,3.014431242093474,4.333333333333333,2.6874192494328497,11.0,1.0,4.0,11.0,0.0,0.0,0.0,0.0,0.35634832254989873,6.0,4.333333333333333,3.0,0.25,1.0,1.0,2.0,0.16666666666666666,3.0,0.25,2.0,0.18181818181818182,1.0,0.5,1.0,0.5,1.0,0.3333333333333333,1.0,0.5,1.0,0.3333333333333333,[]
graph_2,False,True,1.0,29.08811,0.0,6,7,0.23333333333333334,4.0,0.10833333333333334,0.11696390706348501,0.30000000000000004,0.2852777777777778,0.18521863123893528,0.625,0.4444444444444444,True,True,5.0,6,1.1666666666666667,5.245800959282635,3.732577852712852,2.2826172148957986,8.3441376731463,5.518314712608561,2.3840329332360914,1.5847517361560668,1,0.16666666666666666,1,0.16666666666666666,1,0.16666666666666666,0,0.0,0,1.0,0.41666666666666663,1.0,0.41666666666666663,1,0.16666666666666666,1,0.16666666666666666,1,0.16666666666666666,2.0,0.2361111111111111,1.5,0.2111111111111111,1.0,0.17424242424242425,1,0.16666666666666666,7,1.0,0.19444444444444445,0.8055555555555556,0.39577241246597245,1.0,0.0,0.0,0,0.19444444444444445,0.34347383838865975,0.19444444444444442,0.33178533083331,2.3840329332360914,1.5847517361560668,0.31749401519483234,4.5075731912648775,2.647609707976269,0.849025168402485,3.7587516407058454,0.9542042968793469,0.03352919858709147,0.8796931957129568,0.9848974590483092,0.9599774059813794,0.9484535149971416,0.9789774937092504,0.9054274493096945,0.036079145117201415,0.8730168081416495,0.9703492969340424,0.8862183979329905,0.8806209012410087,0.9235829198385808,1.0,0.0,1.0,1.0,1.0,1.0,1.0,0.0,0.0,0.0,0.0,0.0,0.0,0.0,0.0,0.0,0.0,0.0,0.0,0.0,0.0,1.0,0.0,1.0,1.0,1.0,1.0,1.0,0.0,0.0,0.0,0.0,0.0,0.0,0.0,0.9054274493096945,0.036079145117201415,0.8730168081416495,0.9703492969340424,0.8862183979329905,0.8806209012410087,0.9235829198385808,0.0,0.0,0.0,0.0,0.0,0.0,0.0,2.3840329332360914,1.5847517361560668,4.5075731912648775,0.31749401519483234,2.647609707976269,4.370872212344567,4.480232995480815,1,0.9054274493096945,0.036079145117201415,0.8730168081416495,0,0.0,0.0,1.1666666666666667,0.8975274678557508,3,0,1.0,1.1666666666666667,0.6871842709362768,2,0,1.0,2.3333333333333335,0.7453559924999298,3,1,-0.6260990336999418,-0.9599999999999986,-0.5854905538443583,1,1,0,1,6,6,1,1.0,0.16666666666666666,1,0,0.10833333333333334,0.11696390706348501,0.30000000000000004,0.42386569840522925,0.2852777777777778,0.18521863123893528,0.625,0.40418284614150274,0.16757392723108847,0.3722709303437707,0.9999852325967663,1.7887405125145843,1.8666666666666667,0.9568466729604881,4.0,1.0,2.0,5.0,0.4444444444444444,0.36851386559504445,1.0,0.5454545454545454,0.16666666666666693,2.0,1.8666666666666667,3.0,0.5,1.0,0.5,1.0,0.09090909090909091,3.0,0.5,1.0,0.1,1.0,0.5,1.0,0.5,1.0,0.3333333333333333,1.0,0.5,1.0,0.3333333333333333,[]
graph_32,False,True,1.0,33.185584,0.0,5,4,0.2,4.0,0.16666666666666666,0.13944333775567927,0.3333333333333333,0.27166666666666667,0.14506703431325962,0.4,0.0,True,True,4.0,5,0.8,6.323729328972196,4.8024234915554675,2.1815020029717105,8.03341373676767,7.305446253541647,2.676317835851761,1.6609468607650464,1,0.2,1,0.2,3,0.6,0,0.0,1,1.0,0.41666666666666663,1.0,0.41666666666666663,0,0.0,1,0.2,1,0.2,1.0,0.2,1.0,0.2,1.0,0.17424242424242425,1,0.2,4,1.0,0.16,0.84,0.36660605559646714,1.0,0.0,0.0,0,0.16,0.32,0.16,0.32,2.676317835851761,1.6609468607650464,0.2953985172845545,4.439734779094095,2.9850690235141983,1.5503939623175342,4.110992897048425,0.8920022065214975,0.05509376313594025,0.814576159095811,0.9686279962389025,0.8924023353756383,0.8641565997376547,0.9202479421594811,0.9196961710220525,0.027735615093524305,0.889150126381007,0.9522135711138564,0.9187104932966732,0.8938543193043003,0.9445523450144254,1.0,0.0,1.0,1.0,1.0,1.0,1.0,0.0,0.0,0.0,0.0,0.0,0.0,0.0,0.0,0.0,0.0,0.0,0.0,0.0,0.0,1.0,0.0,1.0,1.0,1.0,1.0,1.0,0.0,0.0,0.0,0.0,0.0,0.0,0.0,0.9196961710220525,0.027735615093524305,0.889150126381007,0.9522135711138564,0.9187104932966732,0.8938543193043003,0.9445523450144254,0.0,0.0,0.0,0.0,0.0,0.0,0.0,2.676317835851761,1.6609468607650464,4.439734779094095,0.2953985172845545,2.9850690235141983,4.37398640268496,4.426585103812267,1,0.9196961710220525,0.027735615093524305,0.889150126381007,0,0.0,0.0,0.8,0.4000000000000001,1,0,1.0,0.8,0.4,1,0,1.0,1.6,0.4898979485566356,2,1,-0.4082482904638635,-1.833333333333333,-0.24999999999999997,1,1,0,1,5,5,1,1.0,0.2,1,0,0.16666666666666666,0.13944333775567927,0.3333333333333333,-0.25612041628594145,0.27166666666666667,0.14506703431325962,0.4,-1.0880615972292116,0.20088986442466444,0.399553829128742,0.9999901236400908,1.4999306601679065,2.0,1.0,4.0,1.0,2.0,4.0,0.0,0.0,0.0,0.0,0.35634832254989873,2.0,2.0,3.0,0.3,1.0,0.5,1.0,0.09090909090909091,3.0,0.3,1.0,0.1,1.0,0.5,1.0,1.0,1.0,0.3333333333333333,1.0,0.5,1.0,0.3333333333333333,[]
graph_3,False,True,1.0,55.445903,0.0,7,7,0.16666666666666666,5.0,0.1285714285714286,0.11468185313135519,0.3,0.23498168498168498,0.1278587972876436,0.46153846153846156,0.0,True,True,6.0,7,1.0,7.214478143603571,3.3150507278985173,4.187407161493691,9.64220628575496,7.7041543639193195,1.953015334071041,0.9999999131167484,1,0.14285714285714285,1,0.14285714285714285,3,0.42857142857142855,0,0.0,1,1.0,0.41666666666666663,1.0,0.41666666666666663,0,0.0,1,0.14285714285714285,1,0.14285714285714285,1.0,0.14285714285714285,1.5,0.2111111111111111,1.0,0.14285714285714285,1,0.14285714285714285,7,1.0,0.14285714285714285,0.8571428571428572,0.3499271061118826,1.0,0.0,0.0,0,0.14285714285714282,0.3144842117160055,0.14285714285714285,0.3144842117160055,1.953015334071041,0.9999999131167484,0.40510198185956814,3.8719992843418503,2.008436382068012,1.434843956952974,2.2579408881609537,0.9299923549633805,0.034552458346626375,0.8634595914930696,0.9630013014663368,0.9436691830997977,0.9152172297654771,0.9546909745767522,0.927174903050639,0.03143943979059696,0.8784493477856015,0.9660457774074777,0.9224627532243413,0.9045606513252347,0.9570725701432918,1.0,0.0,1.0,1.0,1.0,1.0,1.0,0.0,0.0,0.0,0.0,0.0,0.0,0.0,0.0,0.0,0.0,0.0,0.0,0.0,0.0,1.0,0.0,1.0,1.0,1.0,1.0,1.0,0.0,0.0,0.0,0.0,0.0,0.0,0.0,0.927174903050639,0.03143943979059696,0.8784493477856015,0.9660457774074777,0.9224627532243413,0.9045606513252347,0.9570725701432918,0.0,0.0,0.0,0.0,0.0,0.0,0.0,1.953015334071041,0.9999999131167484,3.8719992843418503,0.40510198185956814,2.008436382068012,3.4253082249654856,3.782661072466577,1,0.927174903050639,0.03143943979059696,0.8784493477856015,0,0.0,0.0,1.0,0.5345224838248488,2,0,1.0,1.0,0.5345224838248488,2,0,1.0,2.0,0.5345224838248488,3,1,0.0,0.5,-0.5,1,1,0,1,7,7,1,1.0,0.14285714285714285,1,0,0.1285714285714286,0.11468185313135519,0.3,0.24741825721941788,0.23498168498168498,0.1278587972876436,0.46153846153846156,-0.10617217446193526,0.14377578893045692,0.3495506621000275,0.9999794122671893,2.041070344691051,2.2857142857142856,1.2009066869446183,5.0,1.0,2.0,6.0,0.0,0.0,0.0,0.0,0.2999999999999991,3.0,2.2857142857142856,2.0,0.2857142857142857,1.0,0.5,1.0,0.09090909090909091,2.0,0.2857142857142857,1.0,0.1,1.0,1.0,1.0,0.5,1.0,0.3333333333333333,1.0,0.5,1.0,0.3333333333333333,[]
graph_30,False,False,1.0,56.64556,0.0,8,10,0.17857142857142858,5.0,0.11607142857142856,0.09100526697274199,0.23809523809523808,0.236943413729128,0.16857423725719312,0.6363636363636364,0.20833333333333331,True,True,7.0,8,1.25,7.04608560172943,6.35334759026561,1.5601925207062477,9.260721163167684,7.878074089964445,3.0296995306889904,1.2112418270366987,1,0.125,1,0.125,2,0.25,0,0.0,1,1.0,0.41666666666666663,1.0,0.41666666666666663,2,0.25,1,0.125,1,0.125,1.0,0.125,1.5,0.2111111111111111,1.0,0.17424242424242425,1,0.125,10,1.0,0.15625,0.84375,0.3630921887069453,1.0,0.0,0.0,0,0.15625,0.32773922015111917,0.15625,0.3105391854123054,3.0296995306889904,1.2112418270366987,0.6654857361897646,4.90854393155085,3.0907752260471892,2.4826289276135345,3.475254301935788,0.9065309742390399,0.04113486274828946,0.8280898374644499,0.9870616561663306,0.903031798567602,0.885022852183899,0.9205554842060114,0.9391288606761204,0.02788398837937656,0.8743806420691084,0.9704614489698504,0.9440778003353929,0.9313713588569771,0.9571807339097789,1.0,0.0,1.0,1.0,1.0,1.0,1.0,0.0,0.0,0.0,0.0,0.0,0.0,0.0,0.0,0.0,0.0,0.0,0.0,0.0,0.0,1.0,0.0,1.0,1.0,1.0,1.0,1.0,0.0,0.0,0.0,0.0,0.0,0.0,0.0,0.9391288606761204,0.02788398837937656,0.8743806420691084,0.9704614489698504,0.9440778003353929,0.9313713588569771,0.9571807339097789,0.0,0.0,0.0,0.0,0.0,0.0,0.0,3.0296995306889904,1.2112418270366987,4.90854393155085,0.6654857361897646,3.0907752260471892,4.857808990788425,4.898396943398365,1,0.9391288606761204,0.02788398837937656,0.8743806420691084,0,0.0,0.0,1.25,1.0897247358851685,4,0,1.0,1.25,0.6614378277661477,2,0,1.0,2.5,0.8660254037844386,4,1,0.0,-0.6666666666666665,-0.606976978666884,1,1,0,1,8,8,1,1.0,0.125,1,0,0.11607142857142856,0.09100526697274199,0.23809523809523808,-0.11899176130751933,0.236943413729128,0.16857423725719312,0.6363636363636364,1.2909794182923355,0.12592733482537224,0.3303669268310292,0.9999726264715775,2.267544459568899,2.142857142857143,1.124858267715973,5.0,1.0,2.0,7.0,0.20833333333333331,0.23199018178458422,0.6666666666666666,0.3333333333333333,0.2500000000000006,3.0,2.142857142857143,4.0,0.5,1.0,0.5,1.0,0.09090909090909091,4.0,0.5,1.0,0.1,1.0,0.5,1.0,0.5,1.0,0.3333333333333333,1.0,0.5,1.0,1.0,[]
graph_23,False,True,1.0,28.52186,0.0,6,5,0.16666666666666666,5.0,0.16666666666666666,0.12472191289246473,0.30000000000000004,0.23666666666666666,0.11442286743738157,0.3333333333333333,0.0,True,True,5.0,6,0.8333333333333334,4.341011192814719,4.612891725718385,1.5570614081469287,7.369955124607104,4.1457761476414845,2.9170827218893804,1.4278481287396618,1,0.16666666666666666,1,0.16666666666666666,4,0.6666666666666666,0,0.0,3,1.0,0.41666666666666663,2.0,0.6666666666666666,0,0.0,1,0.16666666666666666,1,0.16666666666666666,3.0,0.5,1.5,0.2111111111111111,1.0,0.17424242424242425,1,0.16666666666666666,5,1.0,0.1388888888888889,0.8611111111111112,0.345830544388576,1.0,0.0,0.0,0,0.13888888888888887,0.3105649968749708,0.13888888888888887,0.3105649968749708,2.9170827218893804,1.4278481287396618,0.8354148743816354,4.662684378070209,2.8090374636297364,1.9765994244002558,4.301677468965065,0.9080451464931864,0.053617670085785135,0.8327665261870816,0.9614215693314739,0.9441531036186919,0.8537528972818491,0.9481316360468357,0.9123432554580413,0.047237855185466485,0.8655275908980253,0.9738921062281106,0.8853574773527759,0.8717051840450095,0.9652339187662853,1.0,0.0,1.0,1.0,1.0,1.0,1.0,0.0,0.0,0.0,0.0,0.0,0.0,0.0,0.0,0.0,0.0,0.0,0.0,0.0,0.0,1.0,0.0,1.0,1.0,1.0,1.0,1.0,0.0,0.0,0.0,0.0,0.0,0.0,0.0,0.9123432554580413,0.047237855185466485,0.8655275908980253,0.9738921062281106,0.8853574773527759,0.8717051840450095,0.9652339187662853,0.0,0.0,0.0,0.0,0.0,0.0,0.0,2.9170827218893804,1.4278481287396618,4.662684378070209,0.8354148743816354,2.8090374636297364,4.590482996249181,4.648244101706004,1,0.9123432554580413,0.047237855185466485,0.8655275908980253,0,0.0,0.0,0.8333333333333334,0.372677996249965,1,0,1.0,0.8333333333333334,0.37267799624996495,1,0,1.0,1.6666666666666667,0.4714045207910317,2,1,-0.707106781186548,-1.4999999999999993,-0.2,1,1,0,1,6,6,1,1.0,0.16666666666666666,1,0,0.16666666666666666,0.12472191289246473,0.30000000000000004,-0.38180177416060557,0.23666666666666666,0.11442286743738157,0.3333333333333333,-1.2841025256574292,0.16757392713768204,0.37227093038581655,0.9999852318973622,1.7887405057676036,2.3333333333333335,1.2472191289246473,5.0,1.0,2.0,5.0,0.0,0.0,0.0,0.0,0.35634832254989873,3.0,2.3333333333333335,3.0,0.3,1.0,0.5,1.0,0.09090909090909091,3.0,0.3,1.0,0.1,1.0,0.5,1.0,0.5,1.0,0.3333333333333333,1.0,0.5,1.0,0.3333333333333333,[]
graph_31,False,True,1.0,13.2603,0.0,3,2,0.3333333333333333,2.0,0.16666666666666666,0.23570226039551584,0.5,0.38888888888888884,0.2832788618662658,0.6666666666666666,0.0,True,True,2.0,3,0.6666666666666666,5.068628802101497,8.747951083951373,2.04880371071002,9.08501674942776,4.072065946166709,3.256767922229363,1.6247634158456554,1,0.3333333333333333,1,0.3333333333333333,1,0.3333333333333333,0,0.0,0,1.0,0.41666666666666663,1.0,0.41666666666666663,0,0.0,1,0.3333333333333333,1,0.3333333333333333,2.0,0.2361111111111111,1.5,0.2111111111111111,1.0,0.17424242424242425,1,0.3333333333333333,2,1.0,0.2222222222222222,0.7777777777777778,0.41573970964154905,1.0,0.0,0.0,0,0.2222222222222222,0.31426968052735443,0.2222222222222222,0.31426968052735443,3.256767922229363,1.6247634158456554,1.6320045063837074,4.8815313380750185,3.256767922229363,2.444386214306535,4.069149630152191,0.8771798863415177,0.07071860969305227,0.8064612766484655,0.94789849603457,0.8771798863415177,0.8418205814949916,0.9125391911880438,0.9591264006793396,0.0033029923972587305,0.9558234082820809,0.9624293930765984,0.9591264006793396,0.9574749044807103,0.960777896877969,1.0,0.0,1.0,1.0,1.0,1.0,1.0,0.0,0.0,0.0,0.0,0.0,0.0,0.0,0.0,0.0,0.0,0.0,0.0,0.0,0.0,1.0,0.0,1.0,1.0,1.0,1.0,1.0,0.0,0.0,0.0,0.0,0.0,0.0,0.0,0.9591264006793396,0.0033029923972587305,0.9558234082820809,0.9624293930765984,0.9591264006793396,0.9574749044807103,0.960777896877969,0.0,0.0,0.0,0.0,0.0,0.0,0.0,3.256767922229363,1.6247634158456554,4.8815313380750185,1.6320045063837074,3.256767922229363,4.719054996490453,4.849036069758105,1,0.9591264006793396,0.0033029923972587305,0.9558234082820809,0,0.0,0.0,0.6666666666666666,0.4714045207910317,1,0,1.0,0.6666666666666666,0.4714045207910317,1,0,1.0,1.3333333333333333,0.4714045207910317,2,1,0.7071067811865479,0.0,-0.4999999999999999,1,1,0,1,3,3,1,1.0,0.3333333333333333,1,0,0.16666666666666666,0.23570226039551584,0.5,0.7071067811865478,0.38888888888888884,0.2832788618662658,0.6666666666666666,-0.5280049792181875,0.33414732808703973,0.47082788412075344,0.999997018338697,0.7070925497672158,1.3333333333333333,0.4714045207910317,2.0,1.0,1.0,2.0,0.0,0.0,0.0,0.0,0.35634832254989873,1.0,1.3333333333333333,3.0,0.3,1.0,0.5,1.0,0.09090909090909091,3.0,0.3,1.0,0.1,1.0,0.5,1.0,0.5,1.0,0.3333333333333333,1.0,0.5,1.0,0.3333333333333333,[]
graph_10,False,True,1.0,41.581716,0.0,7,6,0.14285714285714285,6.0,0.16666666666666669,0.11547005383792515,0.3,0.20986394557823124,0.09355259960579611,0.2857142857142857,0.0,True,True,6.0,7,0.8571428571428571,5.650138814416482,1.9796142869132556,4.085199266289595,8.329425867517784,5.200684432363145,3.258483676558116,0.7460416318830315,1,0.14285714285714285,1,0.14285714285714285,5,0.7142857142857143,0,0.0,3,1.0,0.41666666666666663,1.0,0.41666666666666663,0,0.0,1,0.14285714285714285,1,0.14285714285714285,3.0,0.42857142857142855,1.5,0.2111111111111111,1.0,0.14285714285714285,1,0.14285714285714285,6,1.0,0.12244897959183673,0.8775510204081632,0.3278036409022247,1.0,0.0,0.0,0,0.12244897959183672,0.2999375195244708,0.12244897959183672,0.2999375195244708,3.258483676558116,0.7460416318830315,2.373370035713796,4.761331488839951,3.0581713114709004,2.8815763109732977,3.372402778652014,0.9095888940069076,0.0470357717457764,0.8579030411171517,0.9895228618653495,0.8995435347242942,0.8687946835800118,0.9392423774899025,0.9042651285781093,0.02138431643365747,0.8637622073414262,0.9368462623268814,0.9062577523178545,0.9034423892436102,0.9090365847887965,1.0,0.0,1.0,1.0,1.0,1.0,1.0,0.0,0.0,0.0,0.0,0.0,0.0,0.0,0.0,0.0,0.0,0.0,0.0,0.0,0.0,1.0,0.0,1.0,1.0,1.0,1.0,1.0,0.0,0.0,0.0,0.0,0.0,0.0,0.0,0.9042651285781093,0.02138431643365747,0.8637622073414262,0.9368462623268814,0.9062577523178545,0.9034423892436102,0.9090365847887965,0.0,0.0,0.0,0.0,0.0,0.0,0.0,3.258483676558116,0.7460416318830315,4.761331488839951,2.373370035713796,3.0581713114709004,4.430387127565634,4.695142616585088,1,0.9042651285781093,0.02138431643365747,0.8637622073414262,0,0.0,0.0,0.8571428571428571,0.3499271061118826,1,0,1.0,0.8571428571428571,0.3499271061118826,1,0,1.0,1.7142857142857142,0.45175395145262565,2,1,-0.9486832980505131,-1.100000000000001,-0.16666666666666669,1,1,0,1,7,7,1,1.0,0.14285714285714285,1,0,0.16666666666666669,0.11547005383792515,0.3,-0.453632354363278,0.20986394557823124,0.09355259960579611,0.2857142857142857,-1.4523639202043177,0.14377582031837047,0.34955064918967393,0.9999794108557656,2.0410703329649302,2.6666666666666665,1.4907119849998598,6.0,1.0,2.0,6.0,0.0,0.0,0.0,0.0,0.35634832254989873,3.0,2.6666666666666665,3.0,0.3,1.0,0.3333333333333333,1.0,0.09090909090909091,3.0,0.3,1.0,0.1,1.0,0.3333333333333333,1.0,0.5,1.0,0.3333333333333333,1.0,0.5,1.0,0.3333333333333333,[]
graph_22,False,True,1.0,40.317078,0.0,7,6,0.14285714285714285,6.0,0.16666666666666669,0.11547005383792515,0.3,0.20986394557823124,0.09355259960579611,0.2857142857142857,0.0,True,True,6.0,7,0.8571428571428571,5.480457958334517,7.185906398741754,1.1963720019277617,8.31229157639824,7.0742506294691365,2.0819486114276367,1.0710015851531796,1,0.14285714285714285,1,0.14285714285714285,5,0.7142857142857143,0,0.0,1,1.0,0.41666666666666663,1.0,0.41666666666666663,0,0.0,1,0.14285714285714285,1,0.14285714285714285,1.0,0.14285714285714285,2.0,0.2857142857142857,1.0,0.14285714285714285,1,0.14285714285714285,6,1.0,0.12244897959183673,0.8775510204081632,0.3278036409022247,1.0,0.0,0.0,0,0.12244897959183672,0.2999375195244708,0.12244897959183672,0.2999375195244708,2.0819486114276367,1.0710015851531796,0.3673887419747395,3.764433840808123,2.0873711542451825,1.5556374719466635,2.626893188145371,0.8762204133365162,0.05493753050788271,0.8204854340899014,0.9546920967301249,0.8582952487614746,0.8269689260056288,0.9263445371321999,0.9194933831292303,0.03467661406646716,0.8592076797020666,0.9562241734987288,0.9314411196892152,0.8977932880382554,0.9469119264534696,1.0,0.0,1.0,1.0,1.0,1.0,1.0,0.0,0.0,0.0,0.0,0.0,0.0,0.0,0.0,0.0,0.0,0.0,0.0,0.0,0.0,1.0,0.0,1.0,1.0,1.0,1.0,1.0,0.0,0.0,0.0,0.0,0.0,0.0,0.0,0.9194933831292303,0.03467661406646716,0.8592076797020666,0.9562241734987288,0.9314411196892152,0.8977932880382554,0.9469119264534696,0.0,0.0,0.0,0.0,0.0,0.0,0.0,2.0819486114276367,1.0710015851531796,3.764433840808123,0.3673887419747395,2.0873711542451825,3.4825680621577084,3.70806068507804,1,0.9194933831292303,0.03467661406646716,0.8592076797020666,0,0.0,0.0,0.8571428571428571,0.3499271061118826,1,0,1.0,0.8571428571428571,0.3499271061118826,1,0,1.0,1.7142857142857142,0.45175395145262565,2,1,-0.9486832980505131,-1.100000000000001,-0.16666666666666669,1,1,0,1,7,7,1,1.0,0.14285714285714285,1,0,0.16666666666666669,0.11547005383792515,0.3,-0.453632354363278,0.20986394557823124,0.09355259960579611,0.2857142857142857,-1.4523639202043177,0.14377582031837047,0.34955064918967393,0.9999794108557656,2.0410703329649302,2.6666666666666665,1.4907119849998598,6.0,1.0,2.0,6.0,0.0,0.0,0.0,0.0,0.35634832254989873,3.0,2.6666666666666665,3.0,0.3,1.0,0.5,1.0,0.09090909090909091,3.0,0.3,1.0,0.1,1.0,0.5,1.0,0.5,1.0,0.3333333333333333,1.0,0.5,1.0,1.0,[]
graph_18,False,True,1.0,48.814235,0.0,11,11,0.1,8.0,0.14242424242424245,0.09649505047327671,0.2777777777777778,0.1578897267606945,0.072306605746037,0.3225806451612903,0.0,True,True,10.0,11,1.0,4.377387045446815,7.992347511506963,1.09054986921442,9.8743625940544,3.4407821652317203,2.5715672686469264,1.4635940193119168,1,0.09090909090909091,1,0.09090909090909091,7,0.6363636363636364,0,0.0,4,1.0,0.25,1.0,0.41666666666666663,0,0.0,1,0.09090909090909091,1,0.09090909090909091,4.0,0.36363636363636365,1.5,0.2111111111111111,2.0,0.18181818181818182,1,0.09090909090909091,11,1.0,0.09090909090909091,0.9090909090909091,0.28747978728803447,1.0,0.0,0.0,0,0.09090909090909091,0.2702738812283859,0.09090909090909091,0.2702738812283859,2.5715672686469264,1.4635940193119168,0.16046901293137675,4.964377980627477,2.6534122007411445,1.3535706355353792,3.784831726665028,0.9196520033745211,0.05250183665783744,0.8288383122567154,0.9937841054403109,0.9354069931753364,0.8904445632781505,0.9482785797685624,0.9268509345758127,0.02703612187793297,0.8864484917887339,0.9694897880072275,0.9236819391087818,0.9066691481198603,0.9481500833734636,1.0,0.0,1.0,1.0,1.0,1.0,1.0,0.0,0.0,0.0,0.0,0.0,0.0,0.0,0.0,0.0,0.0,0.0,0.0,0.0,0.0,1.0,0.0,1.0,1.0,1.0,1.0,1.0,0.0,0.0,0.0,0.0,0.0,0.0,0.0,0.9268509345758127,0.02703612187793297,0.8864484917887339,0.9694897880072275,0.9236819391087818,0.9066691481198603,0.9481500833734636,0.0,0.0,0.0,0.0,0.0,0.0,0.0,2.5715672686469264,1.4635940193119168,4.964377980627477,0.16046901293137675,2.6534122007411445,4.648298524620808,4.901162089426143,1,0.9268509345758127,0.02703612187793297,0.8864484917887339,0,0.0,0.0,1.0,0.4264014327112209,2,0,1.0,1.0,0.4264014327112209,2,0,1.0,2.0,0.4264014327112209,3,1,0.0,2.5,-0.5000000000000001,1,1,0,1,11,11,1,1.0,0.09090909090909091,1,0,0.14242424242424245,0.09649505047327671,0.2777777777777778,-0.18062469669455206,0.1578897267606945,0.072306605746037,0.3225806451612903,0.0837870472817468,0.09185210969821454,0.2871798754318939,0.999946641307176,2.845501703018362,3.309090909090909,1.9057112942914738,8.0,1.0,3.0,10.0,0.0,0.0,0.0,0.0,0.38888888888888906,4.0,3.309090909090909,2.0,0.18181818181818182,1.0,0.5,1.0,0.09090909090909091,2.0,0.18181818181818182,1.0,0.1,2.0,0.5,1.0,0.5,1.0,0.3333333333333333,1.0,0.5,1.0,0.25,[]
graph_25,False,True,1.0,71.309731,0.0,11,10,0.09090909090909091,10.0,0.16666666666666669,0.09813067629253162,0.2777777777777778,0.1450931391840483,0.05148600052244835,0.18181818181818182,0.0,True,True,10.0,11,0.9090909090909091,5.630511011871345,32.10963096921829,0.879781074825283,16.325726244255037,2.7074788421881806,2.896282978835802,1.8448644195860262,3,0.2727272727272727,2,0.18181818181818182,6,0.5454545454545454,1,0.09090909090909091,2,1.0,0.41666666666666663,1.0,0.41666666666666663,0,0.0,1,0.09090909090909091,1,0.09090909090909091,2.0,0.18181818181818182,4.0,0.36363636363636365,1.0,0.09090909090909091,1,0.09090909090909091,9,0.9,0.08264462809917356,0.9173553719008265,0.2753443181645898,1.0,0.0,0.0,0,0.08264462809917356,0.2613452611709404,0.08264462809917356,0.2613452611709404,2.896282978835802,1.8448644195860262,0.46751186311637316,4.927852890691602,3.112861698766273,1.1053134845028265,4.655442538983813,0.9194261007173579,0.057148812988345205,0.8208220466027972,0.9988174554737926,0.9300015231050551,0.8818974896531253,0.9635897344081022,0.922563315640833,0.03450064819743939,0.8549352863560129,0.9697349681343503,0.917589713154784,0.907734422492245,0.9528949128878411,1.0,0.0,1.0,1.0,1.0,1.0,1.0,0.0,0.0,0.0,0.0,0.0,0.0,0.0,0.0,0.0,0.0,0.0,0.0,0.0,0.0,1.0,0.0,1.0,1.0,1.0,1.0,1.0,0.0,0.0,0.0,0.0,0.0,0.0,0.0,0.922563315640833,0.03450064819743939,0.8549352863560129,0.9697349681343503,0.917589713154784,0.907734422492245,0.9528949128878411,2.2,6.6,0.0,22.0,0.0,0.0,0.0,2.896282978835802,1.8448644195860262,4.927852890691602,0.46751186311637316,3.112861698766273,4.911900647871706,4.924662442127623,2,0.922563315640833,0.03450064819743939,0.8549352863560129,0,0.0,0.0,0.9090909090909091,0.28747978728803447,1,0,1.0,0.9090909090909091,0.28747978728803447,1,0,1.0,1.8181818181818181,0.385694607919935,2,1,-1.6499158227686106,0.7222222222222214,-0.10000000000000003,1,1,0,1,11,11,1,1.0,0.09090909090909091,1,0,0.16666666666666669,0.09813067629253162,0.2777777777777778,-0.5661385170722985,0.1450931391840483,0.05148600052244835,0.18181818181818182,-1.9732257459397484,0.09185210970356567,0.2871798754301823,0.9999466413065672,2.8455017030121192,4.0,2.449489742783178,10.0,1.0,4.0,10.0,0.0,0.0,0.0,0.0,0.35634832254989873,5.0,4.0,3.0,0.3,1.0,0.5,1.0,0.09090909090909091,3.0,0.3,1.0,0.1,1.0,0.5,1.0,0.5,1.0,0.5,1.0,0.5,1.0,0.3333333333333333,[]
graph_6,False,True,1.0,24.254532,0.0,5,4,0.2,4.0,0.16666666666666666,0.13944333775567927,0.3333333333333333,0.27166666666666667,0.14506703431325962,0.4,0.0,True,True,4.0,5,0.8,4.554205889220826,8.006269584330104,0.9261447774772728,8.173814440680356,4.196680097572301,2.327741949393921,0.6701444638513774,1,0.2,1,0.2,3,0.6,0,0.0,0,1.0,0.41666666666666663,1.0,0.41666666666666663,0,0.0,1,0.2,1,0.2,2.0,0.2361111111111111,1.0,0.2,1.0,0.2,1,0.2,4,1.0,0.16,0.84,0.36660605559646714,1.0,0.0,0.0,0,0.16,0.32,0.16,0.32,2.327741949393921,0.6701444638513774,1.3161356805295692,3.021021542509124,2.486905287268495,1.9334734488153495,2.8811737878470662,0.9045048207636596,0.07282239917829578,0.8109052040477976,0.9961021260925026,0.9055059764571689,0.8480664393290147,0.9619443578918138,0.9128995620623057,0.03867433629168411,0.8633363940824088,0.9582416872325188,0.9150100834671475,0.881817421364498,0.9460922241649552,1.0,0.0,1.0,1.0,1.0,1.0,1.0,0.0,0.0,0.0,0.0,0.0,0.0,0.0,0.0,0.0,0.0,0.0,0.0,0.0,0.0,1.0,0.0,1.0,1.0,1.0,1.0,1.0,0.0,0.0,0.0,0.0,0.0,0.0,0.0,0.9128995620623057,0.03867433629168411,0.8633363940824088,0.9582416872325188,0.9150100834671475,0.881817421364498,0.9460922241649552,0.0,0.0,0.0,0.0,0.0,0.0,0.0,2.327741949393921,0.6701444638513774,3.021021542509124,1.3161356805295692,2.486905287268495,2.993051991576712,3.0154276323226417,1,0.9128995620623057,0.03867433629168411,0.8633363940824088,0,0.0,0.0,0.8,0.4000000000000001,1,0,1.0,0.8,0.4,1,0,1.0,1.6,0.4898979485566356,2,1,-0.4082482904638635,-1.833333333333333,-0.24999999999999997,1,1,0,1,5,5,1,1.0,0.2,1,0,0.16666666666666666,0.13944333775567927,0.3333333333333333,-0.25612041628594145,0.27166666666666667,0.14506703431325962,0.4,-1.0880615972292116,0.20088986442466444,0.399553829128742,0.9999901236400908,1.4999306601679065,2.0,1.0,4.0,1.0,2.0,4.0,0.0,0.0,0.0,0.0,0.35634832254989873,2.0,2.0,3.0,0.3,1.0,0.5,1.0,0.09090909090909091,3.0,0.3,1.0,0.1,1.0,0.5,1.0,0.5,1.0,0.3333333333333333,1.0,0.5,1.0,0.3333333333333333,[]
graph_20,False,True,1.0,53.639806,0.0,10,10,0.1111111111111111,7.0,0.1388888888888889,0.09501461875826149,0.2777777777777778,0.17313403880070544,0.08421646583853869,0.36,0.0,True,True,9.0,10,1.0,5.465256299312612,6.9883414427846775,0.9522010427000087,8.952094895324565,5.028199465174666,2.29545822541753,1.1646651145037326,1,0.1,1,0.1,6,0.6,0,0.0,4,1.0,0.25,1.0,0.41666666666666663,0,0.0,1,0.1,1,0.1,4.0,0.4,1.5,0.2111111111111111,1.0,0.1,1,0.1,10,1.0,0.1,0.9,0.3,1.0,0.0,0.0,0,0.1,0.2800000000000001,0.1,0.28,2.29545822541753,1.1646651145037326,0.2602059256045468,3.999816359051894,2.5649923419519967,1.2799206860867711,2.8713777489331287,0.9012572142996891,0.04341708218711915,0.8227909941410324,0.9601226766369415,0.8978048059391296,0.8694893670764251,0.9336819078154779,0.9241865678459963,0.024386559239156714,0.8907141468325407,0.9694287353745326,0.9207719545257181,0.9025297492033497,0.9404143713927778,1.0,0.0,1.0,1.0,1.0,1.0,1.0,0.0,0.0,0.0,0.0,0.0,0.0,0.0,0.0,0.0,0.0,0.0,0.0,0.0,0.0,1.0,0.0,1.0,1.0,1.0,1.0,1.0,0.0,0.0,0.0,0.0,0.0,0.0,0.0,0.9241865678459963,0.024386559239156714,0.8907141468325407,0.9694287353745326,0.9207719545257181,0.9025297492033497,0.9404143713927778,0.0,0.0,0.0,0.0,0.0,0.0,0.0,2.29545822541753,1.1646651145037326,3.999816359051894,0.2602059256045468,2.5649923419519967,3.966431132811615,3.9931393138038382,1,0.9241865678459963,0.024386559239156714,0.8907141468325407,0,0.0,0.0,1.0,0.4472135954999579,2,0,1.0,1.0,0.4472135954999579,2,0,1.0,2.0,0.4472135954999579,3,1,0.0,1.9999999999999991,-0.5,1,1,0,1,10,10,1,1.0,0.1,1,0,0.1388888888888889,0.09501461875826149,0.2777777777777778,-0.19490178206822897,0.17313403880070544,0.08421646583853869,0.36,0.18620413207483175,0.1009389457365096,0.29968538375036236,0.9999562385979162,2.6662365703569813,2.9555555555555557,1.6323882375295073,7.0,1.0,3.0,9.0,0.0,0.0,0.0,0.0,0.37500000000000017,4.0,2.9555555555555557,2.0,0.2,1.0,0.5,1.0,0.09090909090909091,2.0,0.2,1.0,0.1,1.0,0.5,1.0,0.5,1.0,0.3333333333333333,2.0,0.5,1.0,0.25,[]
graph_34,False,True,1.0,52.617713,0.0,9,8,0.1111111111111111,8.0,0.16666666666666666,0.10446386175466811,0.2857142857142857,0.17141754850088184,0.06721331551726228,0.2222222222222222,0.0,True,True,8.0,9,0.8888888888888888,6.1915050394524505,20.777218788752037,1.2959122191856645,14.58265186232912,4.717648532936632,2.1976394093548026,1.0638378090917455,2,0.2222222222222222,6,0.6666666666666666,1,0.1111111111111111,0,0.0,0,1.0,0.41666666666666663,1.0,0.41666666666666663,0,0.0,1,0.1111111111111111,1,0.1111111111111111,2.0,0.2361111111111111,2.0,0.2222222222222222,4.0,0.4444444444444444,1,0.1111111111111111,8,1.0,0.09876543209876543,0.9012345679012346,0.29834681416282893,1.0,0.0,0.0,0,0.09876543209876543,0.27935082713542614,0.09876543209876543,0.2793508271354262,2.1976394093548026,1.0638378090917455,0.7992894716085396,3.8607015519681003,2.357850812898059,1.1116211039104682,3.004658935950958,0.8540959277599955,0.04902139203737255,0.8021183366517403,0.9322219285821115,0.8390662288044375,0.8114244091412653,0.8844386141147849,0.9144316751429126,0.03306678602715944,0.8742977378551398,0.9733325381096871,0.9009631765852677,0.8933800620016314,0.9389925302361362,1.0,0.0,1.0,1.0,1.0,1.0,1.0,0.0,0.0,0.0,0.0,0.0,0.0,0.0,0.0,0.0,0.0,0.0,0.0,0.0,0.0,1.0,0.0,1.0,1.0,1.0,1.0,1.0,0.0,0.0,0.0,0.0,0.0,0.0,0.0,0.9144316751429126,0.03306678602715944,0.8742977378551398,0.9733325381096871,0.9009631765852677,0.8933800620016314,0.9389925302361362,0.0,0.0,0.0,0.0,0.0,0.0,0.0,2.1976394093548026,1.0638378090917455,3.8607015519681003,0.7992894716085396,2.357850812898059,3.6132641410127175,3.811214069777024,1,0.9144316751429126,0.03306678602715944,0.8742977378551398,0,0.0,0.0,0.8888888888888888,0.3142696805273545,1,0,1.0,0.8888888888888888,0.3142696805273545,1,0,1.0,1.7777777777777777,0.41573970964154905,2,1,-1.3363062095621212,-0.21428571428571574,-0.12499999999999996,1,1,0,1,9,9,1,1.0,0.1111111111111111,1,0,0.16666666666666666,0.10446386175466811,0.2857142857142857,-0.5291026764197476,0.17141754850088184,0.06721331551726228,0.2222222222222222,-1.7356812517381366,0.1120447971901971,0.31393801065452187,0.999964914290801,2.47454543324384,3.3333333333333335,1.9720265943665387,8.0,1.0,3.0,8.0,0.0,0.0,0.0,0.0,0.35634832254989873,4.0,3.3333333333333335,3.0,0.3,1.0,0.5,1.0,0.09090909090909091,3.0,0.3,1.0,0.1,1.0,0.5,1.0,0.5,1.0,0.3333333333333333,1.0,0.5,1.0,0.3333333333333333,[]
graph_7,False,True,1.0,102.114204,0.0,14,13,0.07142857142857142,13.0,0.16666666666666666,0.09245003270420485,0.2692307692307692,0.11811469970810629,0.03725142495382196,0.14285714285714285,0.0,True,True,13.0,14,0.9285714285714286,5.304542825587399,14.134491657988757,0.8879748921263765,11.366482335090918,4.158807471532044,3.2272654982629825,1.3257570942430696,5,0.35714285714285715,3,0.21428571428571427,2,0.14285714285714285,3,0.21428571428571427,1,1.0,0.41666666666666663,1.0,0.41666666666666663,0,0.0,1,0.07142857142857142,1,0.07142857142857142,1.0,0.07142857142857142,5.0,0.35714285714285715,1.0,0.17424242424242425,1,0.07142857142857142,10,0.7692307692307693,0.0663265306122449,0.9336734693877551,0.24885200812769798,1.0,0.0,0.0,0,0.06632653061224489,0.23914370704608096,0.06632653061224489,0.23914370704608093,3.2272654982629825,1.3257570942430696,0.27590558920466424,4.849097789813665,3.621715383592617,1.96204604786101,4.276472549172876,0.9092617875156495,0.06525432727056246,0.8162374930933969,0.9999144833754903,0.9117466149089558,0.8462952469112052,0.9598627466548941,0.9106548944084926,0.03464558060809217,0.827223372083469,0.9527008036604048,0.9248214760653352,0.8845322213132832,0.9373966059594211,1.0,0.0,1.0,1.0,1.0,1.0,1.0,0.0,0.0,0.0,0.0,0.0,0.0,0.0,0.0,0.0,0.0,0.0,0.0,0.0,0.0,1.0,0.0,1.0,1.0,1.0,1.0,1.0,0.0,0.0,0.0,0.0,0.0,0.0,0.0,0.9106548944084926,0.03464558060809217,0.827223372083469,0.9527008036604048,0.9248214760653352,0.8845322213132832,0.9373966059594211,5.076923076923077,9.269150973164349,0.0,22.0,0.0,0.0,0.0,3.2272654982629825,1.3257570942430696,4.849097789813665,0.27590558920466424,3.621715383592617,4.564445187077162,4.792167269266364,2,0.9106548944084926,0.03464558060809217,0.827223372083469,0,0.0,0.0,0.9285714285714286,0.25753937681885636,1,0,1.0,0.9285714285714286,0.25753937681885636,1,0,1.0,1.8571428571428572,0.3499271061118826,2,1,-2.0412414523193156,2.166666666666668,-0.07692307692307693,1,1,0,1,14,14,1,1.0,0.07142857142857142,1,0,0.16666666666666666,0.09245003270420485,0.2692307692307692,-0.5943216388127456,0.11811469970810629,0.03725142495382196,0.14285714285714285,-2.276169275065124,0.07237849745205642,0.2572740261572359,0.9999125548956871,3.3271962244203412,5.0,3.1622776601683795,13.0,1.0,4.0,13.0,0.0,0.0,0.0,0.0,0.35634832254989873,7.0,5.0,4.0,0.2857142857142857,1.0,1.0,3.0,0.21428571428571427,2.0,0.14285714285714285,3.0,0.23076923076923078,1.0,0.5,1.0,0.5,1.0,0.3333333333333333,1.0,0.5,1.0,0.3333333333333333,[]
graph_14,False,True,1.0,31.488269,0.0,7,6,0.14285714285714285,6.0,0.16666666666666669,0.11547005383792515,0.3,0.20986394557823124,0.09355259960579611,0.2857142857142857,0.0,True,True,6.0,7,0.8571428571428571,4.491525519087693,4.716729940328029,2.2106276556207787,8.286894854163329,3.9654545365961367,2.02726071624811,1.3258380523407955,1,0.14285714285714285,1,0.14285714285714285,5,0.7142857142857143,0,0.0,4,1.0,0.41666666666666663,1.0,0.25,0,0.0,1,0.14285714285714285,1,0.14285714285714285,4.0,0.5714285714285714,1.5,0.2111111111111111,1.0,0.17424242424242425,1,0.14285714285714285,6,1.0,0.12244897959183673,0.8775510204081632,0.3278036409022247,1.0,0.0,0.0,0,0.12244897959183672,0.2999375195244708,0.12244897959183672,0.2999375195244708,2.02726071624811,1.3258380523407955,0.19279310078240158,3.897364278854746,1.8739712372829729,1.0407831658097673,3.140300785295895,0.8980601633972537,0.02650408365329747,0.8655931695273053,0.9478638721147208,0.8973822053965834,0.878940878999625,0.9048548696599137,0.9106047124421136,0.030423545423826748,0.8558894358207197,0.9421361748366069,0.9195536842225909,0.8940274765732044,0.9356208372007211,1.0,0.0,1.0,1.0,1.0,1.0,1.0,0.0,0.0,0.0,0.0,0.0,0.0,0.0,0.0,0.0,0.0,0.0,0.0,0.0,0.0,1.0,0.0,1.0,1.0,1.0,1.0,1.0,0.0,0.0,0.0,0.0,0.0,0.0,0.0,0.9106047124421136,0.030423545423826748,0.8558894358207197,0.9421361748366069,0.9195536842225909,0.8940274765732044,0.9356208372007211,0.0,0.0,0.0,0.0,0.0,0.0,0.0,2.02726071624811,1.3258380523407955,3.897364278854746,0.19279310078240158,1.8739712372829729,3.793886028766253,3.8766686288370473,1,0.9106047124421136,0.030423545423826748,0.8558894358207197,0,0.0,0.0,0.8571428571428571,0.3499271061118826,1,0,1.0,0.8571428571428571,0.3499271061118826,1,0,1.0,1.7142857142857142,0.45175395145262565,2,1,-0.9486832980505131,-1.100000000000001,-0.16666666666666669,1,1,0,1,7,7,1,1.0,0.14285714285714285,1,0,0.16666666666666669,0.11547005383792515,0.3,-0.453632354363278,0.20986394557823124,0.09355259960579611,0.2857142857142857,-1.4523639202043177,0.14377582031837047,0.34955064918967393,0.9999794108557656,2.0410703329649302,2.6666666666666665,1.4907119849998598,6.0,1.0,2.0,6.0,0.0,0.0,0.0,0.0,0.35634832254989873,3.0,2.6666666666666665,3.0,0.3,1.0,0.5,1.0,0.09090909090909091,3.0,0.3,1.0,0.1,2.0,0.5,1.0,0.5,1.0,0.3333333333333333,1.0,0.25,1.0,0.3333333333333333,[]
graph_28,False,True,1.0,55.495618,0.0,10,12,0.13333333333333333,5.0,0.125,0.08871510790372951,0.2361111111111111,0.19713403880070546,0.1457600056802273,0.6,0.0,True,True,9.0,10,1.2,5.60459009653165,5.026987953132428,2.834054145865209,9.0578037064448,5.658344240847937,1.7783575773287141,1.2624812071732103,1,0.1,1,0.1,4,0.4,0,0.0,2,1.0,0.5,1.0,0.41666666666666663,1,0.1,1,0.1,1,0.1,2.0,0.2,1.5,0.2111111111111111,1.0,0.1,1,0.1,12,1.0,0.12,0.88,0.3249615361854384,1.0,0.0,0.0,0,0.12000000000000002,0.3000000000000001,0.12000000000000002,0.28898979485566356,1.7783575773287141,1.2624812071732103,0.614079760810475,4.17019833030736,1.2481283375465049,0.672339916045058,3.13624529390685,0.8756897817517159,0.04617572791691744,0.8009427002847989,0.9528967472291516,0.8726049259311022,0.8519751781348385,0.9038611137984692,0.9222763997100484,0.03382244365762228,0.854904291401742,0.9671798908987882,0.9317517805607307,0.8916982429237698,0.9477385358304826,1.0,0.0,1.0,1.0,1.0,1.0,1.0,0.0,0.0,0.0,0.0,0.0,0.0,0.0,0.0,0.0,0.0,0.0,0.0,0.0,0.0,1.0,0.0,1.0,1.0,1.0,1.0,1.0,0.0,0.0,0.0,0.0,0.0,0.0,0.0,0.9222763997100484,0.03382244365762228,0.854904291401742,0.9671798908987882,0.9317517805607307,0.8916982429237698,0.9477385358304826,0.0,0.0,0.0,0.0,0.0,0.0,0.0,1.7783575773287141,1.2624812071732103,4.17019833030736,0.614079760810475,1.2481283375465049,3.7169808417088883,4.079554832587666,1,0.9222763997100484,0.03382244365762228,0.854904291401742,0,0.0,0.0,1.2,0.9797958971132712,4,0,1.0,1.2,0.6000000000000001,2,0,1.0,2.4,0.8,4,1,0.3281250000000004,-0.33593749999999956,-0.5783517448238059,1,1,0,1,10,10,1,1.0,0.1,1,0,0.125,0.08871510790372951,0.2361111111111111,-0.32462362148164015,0.19713403880070546,0.1457600056802273,0.6,1.8384340953560394,0.10093887311639167,0.29968540820999773,0.9999562453987019,2.6662366371004933,2.3777777777777778,1.1409331247105277,5.0,1.0,2.0,9.0,0.0,0.0,0.0,0.0,0.35355339059327373,3.0,2.3777777777777778,4.0,0.4,1.0,0.5,1.0,0.09090909090909091,4.0,0.4,1.0,0.1,1.0,0.5,1.0,0.5,1.0,0.5,1.0,0.5,1.0,0.3333333333333333,[]
